<Addin id          = "CSharpBinding"
       namespace   = "MonoDevelop"
       name        = "CSharp Language Binding"
       author      = "Todd Berman"
       copyright   = "MIT X11"
       url         = "http://www.monodevelop.com/"
       description = "CSharp Language Binding"
	   category    = "Language bindings"
       version     = "2.4">
	
	<Dependencies>
		<Addin id="Core" version="2.4"/>
		<Addin id="Ide" version="2.4"/>
		<Addin id="SourceEditor2" version="2.4"/>
		<Addin id="Refactoring" version="2.4"/>
	</Dependencies>
	
	<Extension path = "/MonoDevelop/ProjectModel/MSBuildItemTypes">
		<DotNetProject 
			language="C#" 
			extension="csproj" 
			guid="{FAE04EC0-301F-11D3-BF4B-00C04F79EFBC}"
			import="$(MSBuildBinPath)\Microsoft.CSharp.targets"
			resourceHandler="MonoDevelop.CSharp.Project.CSharpResourceIdBuilder"
			/>
	</Extension>

	<Extension path = "/MonoDevelop/Ide/FileTemplates">
		<FileTemplate id = "CSharpEmptyFile" resource = "EmptyCSharpFile.xft.xml"/>
		<FileTemplate id = "CSharpEmptyFormFile" resource = "EmptyFormCSharpFile.xft.xml"/>
		<FileTemplate id = "CSharpAssemblyInfo" resource = "AssemblyInfo.xft.xml"/>
	</Extension>

	<Extension path = "/MonoDevelop/Ide/ProjectTemplates">
		<ProjectTemplate id = "CSharpConsoleProject" resource = "ConsoleProject.xpt.xml"/>
		<ProjectTemplate id = "CSharpWinFormProject" resource = "WinFormProject.xpt.xml"/>
		<ProjectTemplate id = "CSharpEmptyProject" resource = "EmptyProject.xpt.xml"/>
		<Condition id="Platform" value="!mac">
			<ProjectTemplate id = "CSharpGtkSharp2Project" resource = "GtkSharp2Project.xpt.xml"/>
		</Condition>
		<Condition id="Platform" value="mac">
			<ProjectTemplate id = "CSharpGtkSharp2ProjectMac" resource = "GtkSharp2ProjectMac.xpt.xml"/>
		</Condition>
		<ProjectTemplate id = "CSharpLibrary" resource = "Library.xpt.xml"/>
	</Extension>
	
	<Extension path = "/MonoDevelop/Ide/FileFilters">
		<FileFilter id = "CSharp"
		            insertbefore="AllFiles"
		            _label = "CSharp Files"
			    extensions = "*.cs"/>
		<FileFilter id = "Assemblies"
		            insertbefore="AllFiles"
		            _label = "Assemblies"
		            extensions = "*.exe,*.dll"/>
			    
		<FileFilter id = "Html"
		            insertbefore="AllFiles"
		            _label = "Web Files"
		            extensions = "*.htm,*.html,*.aspx,*.ascx,*.asp"/>
			    
		<FileFilter id = "Xml"
		            insertbefore="AllFiles"
		            _label = "Xml Files"
		            extensions = "*.xml"/>
		<FileFilter id = "Resources"
		            insertbefore="AllFiles"
		            _label = "Resource Files"
		            extensions = "*.resources,*.resx"/>
	</Extension>

	<Extension path = "/MonoDevelop/ProjectModel/Gui/ItemOptionPanels/Build/General">
		<Condition id="ActiveLanguage" value="C#">
			<Panel id = "CSharpCompilerOptionsPanel"
			             _label = "C#"
			             class = "MonoDevelop.CSharp.Project.CompilerOptionsPanel"/>
		</Condition>
	</Extension>

	<Extension path = "/MonoDevelop/ProjectModel/Gui/ItemOptionPanels/Build/Compiler">
		<Condition id="ActiveLanguage" value="C#">
			<Panel id = "CSharpCodeGenerationPanel"
			             _label = "Compiler"
			             class = "MonoDevelop.CSharp.Project.CodeGenerationPanel"/>
		</Condition>
	</Extension>
	
	<Extension path = "/MonoDevelop/ProjectModel/LanguageBindings">
		<LanguageBinding id    = "CSharp"
		                 supportedextensions = ".cs"
		                 class = "MonoDevelop.CSharp.CSharpLanguageBinding" />
	</Extension>
	
	<Extension path = "/MonoDevelop/ProjectModel/SerializableClasses">
		<DataType class = "MonoDevelop.CSharp.Project.CSharpCompilerParameters" />
		<DataType class = "MonoDevelop.CSharp.Project.CSharpProjectParameters" />
	</Extension>

	<Extension path = "/MonoDevelop/Ide/TextEditorExtensions">
		<Class fileExtensions = ".cs" class = "MonoDevelop.CSharp.Completion.CSharpTextEditorCompletion" />
		<Class fileExtensions = ".cs" class = "MonoDevelop.CSharp.Formatting.CSharpTextEditorIndentation" />
		<Class fileExtensions = ".cs" class = "MonoDevelop.CSharp.Highlighting.HighlightUsagesExtension" />
	</Extension>
	
	<Extension path = "/MonoDevelop/ProjectModel/MD1SerializationMaps">
		<SerializationMap resource="md1format.xml" />
	</Extension>
	
	<Extension path = "/MonoDevelop/ProjectModel/DomParser">
<!--	<Class class = "MonoDevelop.CSharp.Parser.DomParser" /> -->
		<Class class = "MonoDevelop.CSharp.Parser.NRefactoryParser" />
	</Extension>
	
	<Extension path = "/MonoDevelop/ProjectModel/Ambiences">
		<Class id = "C#" class = "MonoDevelop.CSharp.Dom.CSharpAmbience" />
	</Extension>
	
	<Extension path = "/MonoDevelop/Core/StockIcons">
		<StockIcon stockid = "md-csharp-file" resource = "C#.FileIcon" />
		<StockIcon stockid = "md-csharp-project" resource = "csharp-project-16.png" />
	</Extension>
	
	<Extension path = "/MonoDevelop/Core/MimeTypes">
		<MimeType id="text/x-csharp" _description="C# source code" icon="md-csharp-file" isText="true">
			<File pattern="*.cs" />
		</MimeType>
	</Extension>
	
	<Extension path = "/MonoDevelop/ProjectModel/TextPrettyPrinters">
		<Class class="MonoDevelop.CSharp.Formatting.CSharpFormatter" />
	</Extension>
	
	<Extension path = "/MonoDevelop/SourceEditor2/CustomModes">
		<SyntaxMode mimeTypes="text/x-csharp" class="MonoDevelop.CSharp.Highlighting.CSharpSyntaxMode"/>
	</Extension>
	
	<Extension path = "/MonoDevelop/ProjectModel/PolicyTypes" >
		<PolicyType id="DotNetNamingPolicy" class="MonoDevelop.CSharp.Formatting.CSharpFormattingPolicy" />
	</Extension>
	
	<Extension path = "/MonoDevelop/ProjectModel/PolicySets/Mono" >
		<Policies resource="MonoCSharpPolicy.xml" />
	</Extension>
	
	<Extension path = "/MonoDevelop/ProjectModel/Gui/MimeTypePolicyPanels">
		<Panel id = "CSharpFormatting" _label = "C# Format" mimeType="text/x-csharp" class = "MonoDevelop.CSharp.Formatting.CSharpFormattingPolicyPanel" />
	</Extension>

	<Extension path = "/MonoDevelop/Refactoring/ASTProvider">
		<Class class = "MonoDevelop.CSharp.Refactoring.CSharpNRefactoryASTProvider" />
	</Extension>
	
	<Extension path = "/MonoDevelop/Ide/TextEditorResolver">
		<Resolver class = "MonoDevelop.CSharp.Resolver.TextEditorResolverProvider" mimeType="text/x-csharp" />
	</Extension>
	
	<Extension path = "/MonoDevelop/Ide/Commands/TextEditor">
		<Command id = "MonoDevelop.CSharp.Highlighting.MoveToUsagesCommand.PrevUsage"
		         defaultHandler = "MonoDevelop.CSharp.Highlighting.MoveToPrevUsageHandler"
		         shortcut = "Ctrl|Shift|Up"
		         macShortcut = "Meta|Shift|Up"
		         _label = "_Move to prev usage"/>
		<Command id = "MonoDevelop.CSharp.Highlighting.MoveToUsagesCommand.NextUsage"
		         defaultHandler = "MonoDevelop.CSharp.Highlighting.MoveToNextUsageHandler"
		         shortcut = "Ctrl|Shift|Down"
		         macShortcut = "Meta|Shift|Down"
		         _label = "_Move to next usage"/>
	</Extension>
	
	<Extension path = "/MonoDevelop/ProjectModel/CodeGenerators">
		<Generator class="MonoDevelop.CSharp.Refactoring.CSharpCodeGenerator" mimeType = "text/x-csharp" />
	</Extension>
	
	<Module>
	    <Runtime>
	        <Import assembly="MonoDevelop.CSharpBinding.Autotools.dll"/>
	    </Runtime>
		<Dependencies>
			<Addin id="Autotools" version="2.4"/>
		</Dependencies>
		<Extension path = "/MonoDevelop/Autotools/SimpleSetups">
			<Class class="CSharpBinding.Autotools.CSharpAutotoolsSetup" />
		</Extension>
	</Module>
	
	<Module>
		<Runtime>
			<Import assembly="MonoDevelop.CSharpBinding.AspNet.dll"/>
		</Runtime>
		<Dependencies>
			<Addin id="AspNet" version="2.4"/>
		</Dependencies>
		<Extension path = "/MonoDevelop/Asp/CompletionBuilders">
			<Class class = "MonoDevelop.CSharp.Completion.AspLanguageBuilder" />
		</Extension>
	</Module>
</Addin>
