﻿<?xml version="1.0" encoding="UTF-8"?>
<Addin namespace="SpecialCopy" id="SpecialCopy" name="SpecialCopy" author="Prashant Cholachagudda" copyright="Prashant Cholachagudda" description="Paste JSON as C# class" category="IDE extensions" version="0.2">
	<Dependencies>
		<Addin id="::MonoDevelop.Core" version="4.0" />
		<Addin id="::MonoDevelop.Ide" version="4.0" />
	</Dependencies>
	<Extension path="/MonoDevelop/Ide/Commands/Edit">
		<Command id="SpecialCopy.JsonConverter.JsonConverterCommand.PasteJson" 
		_label="Paste JSON as classes" 
		_description="Paste Json as C# Class" 
		defaultHandler = "SpecialCopy.JsonConverter.JsonConverterHandler" />
	</Extension>
	<Extension path="/MonoDevelop/Ide/MainMenu/Edit">
		<CommandItem id="SpecialCopy.JsonConverter.JsonConverterCommand.PasteJson" />
	</Extension>
	<Runtime>
		<Import assembly="Newtonsoft.Json.dll" />
		<Import assembly="Xamasoft.JsonClassGenerator.dll" />
		<Import assembly="System.Data.Entity.Design.PluralizationServices.dll" />
	</Runtime>
</Addin>