<?xml version="1.0" encoding="utf-8"?>
<resources>
     <color name="Black">#000000</color>
    <color name="Gunmetal">#2C3539</color>
    <color name="Midnight">#2B1B17</color>
    <color name="Charcoal">#34282C</color>
    <color name="Dark Slate Grey">#25383C</color>
    <color name="Oil">#3B3131</color>
    <color name="Black Cat">#413839</color>
    <color name="Black Eel">#463E3F</color>
    <color name="Black Cow">#4C4646</color>
    <color name="Gray Wolf">#504A4B</color>
    <color name="Vampire Gray">#565051</color>
    <color name="Gray Dolphin">#5C5858</color>
    <color name="Carbon Gray">#625D5D</color>
    <color name="Ash Gray">#666362</color>
    <color name="Cloudy Gray">#6D6968</color>
    <color name="Smokey Gray">#726E6D</color>
    <color name="Gray">#736F6E</color>
    <color name="Granite">#837E7C</color>
    <color name="Battleship Gray">#848482</color>
    <color name="Gray Cloud">#B6B6B4</color>
    <color name="Gray Goose">#D1D0CE</color>
    <color name="Platinum">#E5E4E2</color>
    <color name="Metallic Silver">#BCC6CC</color>
    <color name="Blue Gray">#98AFC7</color>
    <color name="Light Slate Gray">#6D7B8D</color>
    <color name="Slate Gray">#657383</color>
    <color name="Jet Gray">#616D7E</color>
    <color name="Mist Blue">#646D7E</color>
    <color name="Marble Blue">#566D7E</color>
    <color name="Slate Blue">#737CA1</color>
    <color name="Steel Blue">#4863A0</color>
    <color name="Blue Jay">#2B547E</color>
    <color name="Dark Slate Blue">#2B3856</color>
    <color name="Midnight Blue">#151B54</color>
    <color name="Navy Blue">#000080</color>
    <color name="Blue Whale">#342D7E</color>
    <color name="Lapis Blue">#15317E</color>
    <color name="Cornflower Blue">#151B8D</color>
    <color name="Earth Blue">#0000A0</color>
    <color name="Cobalt Blue">#0020C2</color>
    <color name="Blueberry Blue">#0041C2</color>
    <color name="Sapphire Blue">#2554C7</color>
    <color name="Blue Eyes">#1569C7</color>
    <color name="Royal Blue">#2B60DE</color>
    <color name="Blue Orchid">#1F45FC</color>
    <color name="Blue Lotus">#6960EC</color>
    <color name="Light Slate Blue">#736AFF</color>
    <color name="Slate Blue">#357EC7</color>
    <color name="Silk Blue">#488AC7</color>
    <color name="Blue Ivy">#3090C7</color>
    <color name="Blue Koi">#659EC7</color>
    <color name="Columbia Blue">#87AFC7</color>
    <color name="Baby Blue">#95B9C7</color>
    <color name="Light Steel Blue">#728FCE</color>
    <color name="Ocean Blue">#2B65EC</color>
    <color name="Blue Ribbon">#306EFF</color>
    <color name="Blue Dress">#157DEC</color>
    <color name="Dodger Blue">#1589FF</color>
    <color name="Cornflower Blue">#6495ED</color>
    <color name="Sky Blue">#6698FF</color>
    <color name="Butterfly Blue">#38ACEC</color>
    <color name="Iceberg">#56A5EC</color>
    <color name="Crystal Blue">#5CB3FF</color>
    <color name="Deep Sky Blue">#3BB9FF</color>
    <color name="Denim Blue">#79BAEC</color>
    <color name="Light Sky Blue">#82CAFA</color>
    <color name="Sky Blue">#82CAFF</color>
    <color name="Jeans Blue">#A0CFEC</color>
    <color name="Blue Angel">#B7CEEC</color>
    <color name="Pastel Blue">#B4CFEC</color>
    <color name="Sea Blue">#C2DFFF</color>
    <color name="Powder Blue">#C6DEFF</color>
    <color name="Coral Blue">#AFDCEC</color>
    <color name="Light Blue">#ADDFFF</color>
    <color name="Robin Egg Blue">#BDEDFF</color>
    <color name="Pale Blue Lily">#CFECEC</color>
    <color name="Light Cyan">#E0FFFF</color>
    <color name="Water">#EBF4FA</color>
    <color name="AliceBlue">#F0F8FF</color>
    <color name="Azure">#F0FFFF</color>
    <color name="Light Slate">#CCFFFF</color>
    <color name="Light Aquamarine">#93FFE8</color>
    <color name="Electric Blue">#9AFEFF</color>
    <color name="Aquamarine">#7FFFD4</color>
    <color name="Cyan or Aqua">#00FFFF</color>
    <color name="Tron Blue">#7DFDFE</color>
    <color name="Blue Zircon">#57FEFF</color>
    <color name="Blue Lagoon">#8EEBEC</color>
    <color name="Celeste">#50EBEC</color>
    <color name="Blue Diamond">#4EE2EC</color>
    <color name="Tiffany Blue">#81D8D0</color>
    <color name="Cyan Opaque">#92C7C7</color>
    <color name="Blue Hosta">#77BFC7</color>
    <color name="Northern Lights Blue">#78C7C7</color>
    <color name="Medium Turquoise">#48CCCD</color>
    <color name="Turquoise">#43C6DB</color>
    <color name="Jellyfish">#46C7C7</color>
    <color name="Mascaw Blue Green">#43BFC7</color>
    <color name="Light Sea Green">#3EA99F</color>
    <color name="Dark Turquoise">#3B9C9C</color>
    <color name="Sea Turtle Green">#438D80</color>
    <color name="Medium Aquamarine">#348781</color>
    <color name="Greenish Blue">#307D7E</color>
    <color name="Grayish Turquoise">#5E7D7E</color>
    <color name="Beetle Green">#4C787E</color>
    <color name="Teal">#008080</color>
    <color name="Sea Green">#4E8975</color>
    <color name="Camouflage Green">#78866B</color>
    <color name="Hazel Green">#617C58</color>
    <color name="Venom Green">#728C00</color>
    <color name="Fern Green">#667C26</color>
    <color name="Dark Forrest Green">#254117</color>
    <color name="Medium Sea Green">#306754</color>
    <color name="Medium Forest Green">#347235</color>
    <color name="Seaweed Green">#437C17</color>
    <color name="Pine Green">#387C44</color>
    <color name="Jungle Green">#347C2C</color>
    <color name="Shamrock Green">#347C17</color>
    <color name="Medium Spring Green">#348017</color>
    <color name="Forest Green">#4E9258</color>
    <color name="Green Onion">#6AA121</color>
    <color name="Spring Green">#4AA02C</color>
    <color name="Lime Green">#41A317</color>
    <color name="Clover Green">#3EA055</color>
    <color name="Green Snake">#6CBB3C</color>
    <color name="Alien Green">#6CC417</color>
    <color name="Green Apple">#4CC417</color>
    <color name="Yellow Green">#52D017</color>
    <color name="Kelly Green">#4CC552</color>
    <color name="Zombie Green">#54C571</color>
    <color name="Frog Green">#99C68E</color>
    <color name="Green Peas">#89C35C</color>
    <color name="Dollar Bill Green">#85BB65</color>
    <color name="Dark Sea Green">#8BB381</color>
    <color name="Iguana Green">#9CB071</color>
    <color name="Avocado Green">#B2C248</color>
    <color name="Pistachio Green">#9DC209</color>
    <color name="Salad Green">#A1C935</color>
    <color name="Hummingbird Green">#7FE817</color>
    <color name="Nebula Green">#59E817</color>
    <color name="Stoplight Go Green">#57E964</color>
    <color name="Algae Green">#64E986</color>
    <color name="Jade Green">#5EFB6E</color>
    <color name="Green">#00FF00</color>
    <color name="Emerald Green">#5FFB17</color>
    <color name="Lawn Green">#87F717</color>
    <color name="Chartreuse">#8AFB17</color>
    <color name="Dragon Green">#6AFB92</color>
    <color name="Mint green">#98FF98</color>
    <color name="Green Thumb">#B5EAAA</color>
    <color name="Light Jade">#C3FDB8</color>
    <color name="Tea Green">#CCFB5D</color>
    <color name="Green Yellow">#B1FB17</color>
    <color name="Slime Green">#BCE954</color>
    <color name="Goldenrod">#EDDA74</color>
    <color name="Harvest Gold">#EDE275</color>
    <color name="Sun Yellow">#FFE87C</color>
    <color name="Yellow">#FFFF00</color>
    <color name="Corn Yellow">#FFF380</color>
    <color name="Parchment">#FFFFC2</color>
    <color name="Cream">#FFFFCC</color>
    <color name="Lemon Chiffon">#FFF8C6</color>
    <color name="Cornsilk">#FFF8DC</color>
    <color name="Beige">#F5F5DC</color>
    <color name="AntiqueWhite">#FAEBD7</color>
    <color name="BlanchedAlmond">#FFEBCD</color>
    <color name="Vanilla">#F3E5AB</color>
    <color name="Tan Brown">#ECE5B6</color>
    <color name="Peach">#FFE5B4</color>
    <color name="Mustard">#FFDB58</color>
    <color name="Rubber Ducky Yellow">#FFD801</color>
    <color name="Bright Gold">#FDD017</color>
    <color name="Golden brown">#EAC117</color>
    <color name="Macaroni and Cheese">#F2BB66</color>
    <color name="Saffron">#FBB917</color>
    <color name="Beer">#FBB117</color>
    <color name="Cantaloupe">#FFA62F</color>
    <color name="Bee Yellow">#E9AB17</color>
    <color name="Brown Sugar">#E2A76F</color>
    <color name="BurlyWood">#DEB887</color>
    <color name="Deep Peach">#FFCBA4</color>
    <color name="Ginger Brown">#C9BE62</color>
    <color name="School Bus Yellow">#E8A317</color>
    <color name="Sandy Brown">#EE9A4D</color>
    <color name="Fall Leaf Brown">#C8B560</color>
    <color name="Gold">#D4A017</color>
    <color name="Sand">#C2B280</color>
    <color name="Cookie Brown">#C7A317</color>
    <color name="Caramel">#C68E17</color>
    <color name="Brass">#B5A642</color>
    <color name="Khaki">#ADA96E</color>
    <color name="Camel brown">#C19A6B</color>
    <color name="Bronze">#CD7F32</color>
    <color name="Tiger Orange">#C88141</color>
    <color name="Cinnamon">#C58917</color>
    <color name="Dark Goldenrod">#AF7817</color>
    <color name="Copper">#B87333</color>
    <color name="Wood">#966F33</color>
    <color name="Oak Brown">#806517</color>
    <color name="Moccasin">#827839</color>
    <color name="Army Brown">#827B60</color>
    <color name="Sandstone">#786D5F</color>
    <color name="Mocha">#493D26</color>
    <color name="Taupe">#483C32</color>
    <color name="Coffee">#6F4E37</color>
    <color name="Brown Bear">#835C3B</color>
    <color name="Red Dirt">#7F5217</color>
    <color name="Sepia">#7F462C</color>
    <color name="Orange Salmon">#C47451</color>
    <color name="Rust">#C36241</color>
    <color name="Red Fox">#C35817</color>
    <color name="Chocolate">#C85A17</color>
    <color name="Sedona">#CC6600</color>
    <color name="Papaya Orange">#E56717</color>
    <color name="Halloween Orange">#E66C2C</color>
    <color name="Pumpkin Orange">#F87217</color>
    <color name="Construction Cone Orange">#F87431</color>
    <color name="Sunrise Orange">#E67451</color>
    <color name="Mango Orange">#FF8040</color>
    <color name="Dark Orange">#F88017</color>
    <color name="Coral">#FF7F50</color>
    <color name="Basket Ball Orange">#F88158</color>
    <color name="Light Salmon">#F9966B</color>
    <color name="Tangerine">#E78A61</color>
    <color name="Dark Salmon">#E18B6B</color>
    <color name="Light Coral">#E77471</color>
    <color name="Bean Red">#F75D59</color>
    <color name="Valentine Red">#E55451</color>
    <color name="Shocking Orange">#E55B3C</color>
    <color name="Red">#FF0000</color>
    <color name="Scarlet">#FF2400</color>
    <color name="Ruby Red">#F62217</color>
    <color name="Ferrari Red">#F70D1A</color>
    <color name="Fire Engine Red">#F62817</color>
    <color name="Lava Red">#E42217</color>
    <color name="Love Red">#E41B17</color>
    <color name="Grapefruit">#DC381F</color>
    <color name="Chestnut Red">#C34A2C</color>
    <color name="Cherry Red">#C24641</color>
    <color name="Mahogany">#C04000</color>
    <color name="Chilli Pepper">#C11B17</color>
    <color name="Cranberry">#9F000F</color>
    <color name="Red Wine">#990012</color>
    <color name="Burgundy">#8C001A</color>
    <color name="Blood Red">#7E3517</color>
    <color name="Sienna">#8A4117</color>
    <color name="Sangria">#7E3817</color>
    <color name="Firebrick">#800517</color>
    <color name="Maroon">#810541</color>
    <color name="Plum Pie">#7D0541</color>
    <color name="Velvet Maroon">#7E354D</color>
    <color name="Plum Velvet">#7D0552</color>
    <color name="Rosy Finch">#7F4E52</color>
    <color name="Puce">#7F5A58</color>
    <color name="Dull Purple">#7F525D</color>
    <color name="Rosy Brown">#B38481</color>
    <color name="Khaki Rose">#C5908E</color>
    <color name="Pink Bow">#C48189</color>
    <color name="Lipstick Pink">#C48793</color>
    <color name="Rose">#E8ADAA</color>
    <color name="Desert Sand">#EDC9AF</color>
    <color name="Pig Pink">#FDD7E4</color>
    <color name="Cotton Candy">#FCDFFF</color>
    <color name="Pink Bubblegum">#FFDFDD</color>
    <color name="Misty Rose">#FBBBB9</color>
    <color name="Pink">#FAAFBE</color>
    <color name="Light Pink">#FAAFBA</color>
    <color name="Flamingo Pink">#F9A7B0</color>
    <color name="Pink Rose">#E7A1B0</color>
    <color name="Pink Daisy">#E799A3</color>
    <color name="Cadillac Pink">#E38AAE</color>
    <color name="Carnation Pink">#F778A1</color>
    <color name="Blush Red">#E56E94</color>
    <color name="Hot Pink">#F660AB</color>
    <color name="Watermelon Pink">#FC6C85</color>
    <color name="Violet Red">#F6358A</color>
    <color name="Deep Pink">#F52887</color>
    <color name="Pink Cupcake">#E45E9D</color>
    <color name="Pink Lemonade">#E4287C</color>
    <color name="Neon Pink">#F535AA</color>
    <color name="Magenta">#FF00FF</color>
    <color name="Dimorphotheca Magenta">#E3319D</color>
    <color name="Bright Neon Pink">#F433FF</color>
    <color name="Pale Violet Red">#D16587</color>
    <color name="Tulip Pink">#C25A7C</color>
    <color name="Medium Violet Red">#CA226B</color>
    <color name="Rogue Pink">#C12869</color>
    <color name="Burnt Pink">#C12267</color>
    <color name="Bashful Pink">#C25283</color>
    <color name="Carnation Pink">#C12283</color>
    <color name="Plum">#B93B8F</color>
    <color name="Viola Purple">#7E587E</color>
    <color name="Purple Iris">#571B7E</color>
    <color name="Plum Purple">#583759</color>
    <color name="Indigo">#4B0082</color>
    <color name="Purple Monster">#461B7E</color>
    <color name="Purple Haze">#4E387E</color>
    <color name="Eggplant">#614051</color>
    <color name="Grape">#5E5A80</color>
    <color name="Purple Jam">#6A287E</color>
    <color name="Dark Orchid">#7D1B7E</color>
    <color name="Purple Flower">#A74AC7</color>
    <color name="Medium Orchid">#B048B5</color>
    <color name="Purple Amethyst">#6C2DC7</color>
    <color name="Dark Violet">#842DCE</color>
    <color name="Violet">#8D38C9</color>
    <color name="Purple Sage Bush">#7A5DC7</color>
    <color name="Lovely Purple">#7F38EC</color>
    <color name="Purple">#8E35EF</color>
    <color name="Aztech Purple">#893BFF</color>
    <color name="Medium Purple">#8467D7</color>
    <color name="Jasmine Purple">#A23BEC</color>
    <color name="Purple Daffodil">#B041FF</color>
    <color name="Tyrian Purple">#C45AEC</color>
    <color name="Crocus Purple">#9172EC</color>
    <color name="Purple Mimosa">#9E7BFF</color>
    <color name="Heliotrope Purple">#D462FF</color>
    <color name="Crimson">#E238EC</color>
    <color name="Purple Dragon">#C38EC7</color>
    <color name="Lilac">#C8A2C8</color>
    <color name="Blush Pink">#E6A9EC</color>
    <color name="Mauve">#E0B0FF</color>
    <color name="Wiseria Purple">#C6AEC7</color>
    <color name="Blossom Pink">#F9B7FF</color>
    <color name="Thistle">#D2B9D3</color>
    <color name="Periwinkle">#E9CFEC</color>
    <color name="Lavender Pinocchio">#EBDDE2</color>
    <color name="Lavender">#E3E4FA</color>
    <color name="Pearl">#FDEEF4</color>
    <color name="SeaShell">#FFF5EE</color>
    <color name="Milk White">#FEFCFF</color>
    <color name="White">#FFFFFF</color>
</resources>